{"LeNet5": {"0": {"accuracies": [0.9059666666666667, 0.97545, 0.9862333333333333, 0.9918833333333333, 0.9956, 0.9975666666666667, 0.9990333333333333, 0.99945, 0.9996666666666667, 0.99985, 0.9999, 1.0, 1.0, 0.9999833333333333, 1.0, 1.0, 1.0, 0.9999833333333333, 1.0, 1.0, 1.0, 0.9998833333333333, 0.9999166666666667, 1.0, 1.0, 1.0, 1.0, 1.0, 1.0, 1.0], "train_accuracy": 1.0, "test_accuracy": 0.9585}, "1": {"accuracies": [0.8737833333333334, 0.9724333333333334, 0.9847666666666667, 0.99105, 0.9948166666666667, 0.9972, 0.9985, 0.9991166666666667, 0.9995833333333334, 0.9997333333333334, 0.9998666666666667, 0.9999333333333333, 0.9999166666666667, 0.9999333333333333, 0.9998333333333334, 0.9999166666666667, 1.0, 0.99985, 0.9999833333333333, 1.0, 1.0, 1.0, 1.0, 1.0, 1.0, 0.9999833333333333, 0.9999166666666667, 1.0, 1.0, 1.0], "train_accuracy": 1.0, "test_accuracy": 0.9569}, "2": {"accuracies": [0.8735833333333334, 0.9716, 0.984, 0.9903, 0.9941, 0.9971833333333333, 0.9984833333333333, 0.9992166666666666, 0.9994833333333333, 0.99985, 0.9999833333333333, 0.99995, 1.0, 0.9999833333333333, 0.9998833333333333, 0.9999666666666667, 0.9999833333333333, 1.0, 1.0, 1.0, 1.0, 1.0, 0.9999666666666667, 0.99985, 0.9999833333333333, 1.0, 1.0, 1.0, 1.0, 1.0], "train_accuracy": 1.0, "test_accuracy": 0.9608}, "3": {"accuracies": [0.8734833333333333, 0.9726, 0.9844666666666667, 0.9904666666666667, 0.9945, 0.9969333333333333, 0.9984833333333333, 0.9992166666666666, 0.9995833333333334, 0.9998833333333333, 0.9998166666666667, 0.9998666666666667, 1.0, 1.0, 0.9999, 0.9999333333333333, 0.9999833333333333, 1.0, 1.0, 1.0, 0.99995, 0.9998333333333334, 1.0, 1.0, 1.0, 1.0, 1.0, 0.9999333333333333, 0.9996833333333334, 1.0], "train_accuracy": 1.0, "test_accuracy": 0.9572}, "4": {"accuracies": [0.8692666666666666, 0.9700833333333333, 0.9838, 0.9908166666666667, 0.9954833333333334, 0.9973166666666666, 0.9988, 0.9991333333333333, 0.9996333333333334, 0.9996666666666667, 0.9998666666666667, 0.99985, 0.9999166666666667, 1.0, 0.9999833333333333, 0.9999833333333333, 0.9999666666666667, 0.9999166666666667, 1.0, 1.0, 1.0, 1.0, 1.0, 1.0, 1.0, 1.0, 0.9999333333333333, 0.9999166666666667, 0.9999833333333333, 1.0], "train_accuracy": 1.0, "test_accuracy": 0.9579}, "epochs": 30, "dataset": "kmnist"}, "ConvAndParaKmnist2": {"0": {"accuracies": [0.8474833333333334, 0.9522833333333334, 0.9690666666666666, 0.9779, 0.9836, 0.9869333333333333, 0.9897666666666667, 0.9921, 0.9933833333333333, 0.9945, 0.99495, 0.9957, 0.99625, 0.9966, 0.99685, 0.9969833333333333, 0.9972333333333333, 0.9973666666666666, 0.9976, 0.9976166666666667, 0.9977333333333334, 0.9978833333333333, 0.99795, 0.99795, 0.9980333333333333, 0.9981833333333333, 0.9981833333333333, 0.9982833333333333, 0.9983833333333333, 0.9984333333333333], "train_accuracy": 0.99845, "test_accuracy": 0.9512}, "1": {"accuracies": [0.7949666666666667, 0.9365333333333333, 0.95645, 0.97115, 0.9777, 0.9822, 0.9848, 0.9876666666666667, 0.9890166666666667, 0.9895833333333334, 0.9909833333333333, 0.9928, 0.9934166666666666, 0.9946166666666667, 0.99495, 0.9954, 0.99575, 0.9963, 0.9964666666666666, 0.9968333333333333, 0.99675, 0.9969666666666667, 0.9972333333333333, 0.9975166666666667, 0.9974666666666666, 0.9975333333333334, 0.9975833333333334, 0.9977, 0.9977333333333334, 0.9977833333333334], "train_accuracy": 0.9979, "test_accuracy": 0.9467}, "2": {"accuracies": [0.77675, 0.9278833333333333, 0.94905, 0.9590166666666666, 0.9652333333333334, 0.9695166666666667, 0.9731333333333333, 0.9762333333333333, 0.97765, 0.97925, 0.9806166666666667, 0.982, 0.98295, 0.9890666666666666, 0.9935666666666667, 0.9947833333333334, 0.9954, 0.9956833333333334, 0.99595, 0.9962333333333333, 0.9966333333333334, 0.9966166666666667, 0.9970166666666667, 0.9970333333333333, 0.9970833333333333, 0.9973666666666666, 0.9974, 0.9974, 0.99745, 0.9976166666666667], "train_accuracy": 0.9976833333333334, "test_accuracy": 0.947}, "3": {"accuracies": [0.776, 0.9174333333333333, 0.9376666666666666, 0.9482166666666667, 0.9547166666666667, 0.9597166666666667, 0.9621, 0.9653166666666667, 0.9673333333333334, 0.9694, 0.9702666666666667, 0.9712833333333334, 0.97175, 0.9726166666666667, 0.9730166666666666, 0.9732, 0.9734, 0.9740333333333333, 0.9744833333333334, 0.9747666666666667, 0.97515, 0.9752666666666666, 0.9753666666666667, 0.9756333333333334, 0.9755833333333334, 0.97575, 0.9759833333333333, 0.976, 0.976, 0.97605], "train_accuracy": 0.9762166666666666, "test_accuracy": 0.9195}, "4": {"accuracies": [0.7988333333333333, 0.9290833333333334, 0.9484666666666667, 0.9591666666666666, 0.96455, 0.96865, 0.97125, 0.9735666666666667, 0.9749, 0.9765833333333334, 0.9777666666666667, 0.9784833333333334, 0.9792666666666666, 0.98, 0.9814666666666667, 0.9824166666666667, 0.9831166666666666, 0.9836333333333334, 0.9843166666666666, 0.9845333333333334, 0.98485, 0.9850333333333333, 0.98505, 0.98535, 0.9855333333333334, 0.9856166666666667, 0.98565, 0.9856833333333334, 0.9857333333333334, 0.9858666666666667], "train_accuracy": 0.9860166666666667, "test_accuracy": 0.9259}, "epochs": 30, "dataset": "kmnist"}, "ConvAndParaKmnist1": {"0": {"accuracies": [0.85, 0.9549, 0.9714666666666667, 0.9796, 0.9846666666666667, 0.9878166666666667, 0.99055, 0.9929166666666667, 0.9940166666666667, 0.99475, 0.9956166666666667, 0.9962833333333333, 0.9966333333333334, 0.9969, 0.9975, 0.9975333333333334, 0.9976666666666667, 0.9978166666666667, 0.9979833333333333, 0.9981333333333333, 0.99825, 0.9981833333333333, 0.9983333333333333, 0.9983833333333333, 0.9983833333333333, 0.9984833333333333, 0.9985333333333334, 0.9985833333333334, 0.9985666666666667, 0.9985166666666667], "train_accuracy": 0.9987166666666667, "test_accuracy": 0.9531}, "1": {"accuracies": [0.7247666666666667, 0.93805, 0.9553, 0.9640166666666666, 0.9694833333333334, 0.974, 0.97795, 0.9799666666666667, 0.9857, 0.9928166666666667, 0.9944333333333333, 0.9953333333333333, 0.9958166666666667, 0.9964666666666666, 0.9966166666666667, 0.9970166666666667, 0.9971666666666666, 0.9972833333333333, 0.99745, 0.9976166666666667, 0.99775, 0.9978333333333333, 0.9978166666666667, 0.9980333333333333, 0.9979833333333333, 0.9980833333333333, 0.9982, 0.9982666666666666, 0.9983166666666666, 0.9983333333333333], "train_accuracy": 0.9983666666666666, "test_accuracy": 0.9543}, "2": {"accuracies": [0.69305, 0.9194833333333333, 0.9507833333333333, 0.9611, 0.9673833333333334, 0.9713833333333334, 0.9740333333333333, 0.9752, 0.97655, 0.9776166666666667, 0.9791333333333333, 0.9807, 0.98255, 0.9859333333333333, 0.99365, 0.995, 0.9960333333333333, 0.9963666666666666, 0.9965166666666667, 0.9968666666666667, 0.9970166666666667, 0.9970166666666667, 0.9972833333333333, 0.9972666666666666, 0.9972666666666666, 0.9974, 0.9974333333333333, 0.9973833333333333, 0.9976166666666667, 0.9976833333333334], "train_accuracy": 0.9978, "test_accuracy": 0.9505}, "3": {"accuracies": [0.53025, 0.6807833333333333, 0.77285, 0.8567666666666667, 0.9291666666666667, 0.9413666666666667, 0.9446166666666667, 0.9473, 0.9497333333333333, 0.9508, 0.9638333333333333, 0.98035, 0.9817666666666667, 0.9824333333333334, 0.98355, 0.9842, 0.9845, 0.9848333333333333, 0.9851333333333333, 0.9853166666666666, 0.9855, 0.9856166666666667, 0.9856, 0.9860833333333333, 0.99405, 0.9968333333333333, 0.99725, 0.9973333333333333, 0.9974833333333334, 0.9975], "train_accuracy": 0.9977, "test_accuracy": 0.9509}, "4": {"accuracies": [0.6507833333333334, 0.8203666666666667, 0.8776166666666667, 0.9562833333333334, 0.9653666666666667, 0.9698333333333333, 0.97345, 0.9764666666666667, 0.9781333333333333, 0.9792833333333333, 0.9806666666666667, 0.9813166666666666, 0.9823166666666666, 0.9832833333333333, 0.9836166666666667, 0.9843666666666666, 0.9840666666666666, 0.9843333333333333, 0.9850666666666666, 0.9852833333333333, 0.9855333333333334, 0.98545, 0.9856166666666667, 0.9856, 0.98575, 0.9858833333333333, 0.9859666666666667, 0.9860166666666667, 0.9861333333333333, 0.9861333333333333],