{"LeNet5": {"0": {"accuracies": [0.8402333333333334, 0.8988166666666667, 0.9153666666666667, 0.9260833333333334, 0.9348333333333333, 0.9433666666666667, 0.9491, 0.9554666666666667, 0.9625166666666667, 0.9674333333333334, 0.97245, 0.9765666666666667, 0.9802166666666666, 0.98385, 0.98675, 0.9887333333333334, 0.9911666666666666, 0.9924833333333334, 0.9929833333333333, 0.9935, 0.9943666666666666, 0.9961833333333333, 0.9952166666666666, 0.9966166666666667, 0.99795, 0.9963333333333333, 0.9983833333333333, 0.9982166666666666, 0.9979666666666667, 0.9983166666666666], "train_accuracy": 0.9983, "test_accuracy": 0.8991}, "1": {"accuracies": [0.8037666666666666, 0.8858833333333334, 0.90515, 0.91805, 0.92745, 0.9350166666666667, 0.9437, 0.9505666666666667, 0.9565166666666667, 0.9629666666666666, 0.9675166666666667, 0.9730333333333333, 0.97765, 0.9809166666666667, 0.9832, 0.98735, 0.9891333333333333, 0.9909833333333333, 0.9918, 0.99275, 0.9950166666666667, 0.9948833333333333, 0.9962666666666666, 0.9963666666666666, 0.9972, 0.9970333333333333, 0.9982666666666666, 0.9976666666666667, 0.99835, 0.9979], "train_accuracy": 0.9987166666666667, "test_accuracy": 0.8978}, "2": {"accuracies": [0.7982, 0.8874166666666666, 0.9043833333333333, 0.9182833333333333, 0.9285333333333333, 0.9376666666666666, 0.9465666666666667, 0.9537, 0.9604333333333334, 0.9665666666666667, 0.97245, 0.9757333333333333, 0.9806833333333334, 0.9839166666666667, 0.9880833333333333, 0.98985, 0.9913333333333333, 0.9923333333333333, 0.9936333333333334, 0.9962833333333333, 0.9966833333333334, 0.9952166666666666, 0.9963666666666666, 0.9980666666666667, 0.9976166666666667, 0.9975, 0.9983166666666666, 0.9975333333333334, 0.9986, 0.9989333333333333], "train_accuracy": 0.9997666666666667, "test_accuracy": 0.8995}, "3": {"accuracies": [0.80835, 0.8919, 0.9097833333333334, 0.9224333333333333, 0.9295, 0.939, 0.9459166666666666, 0.95315, 0.9605166666666667, 0.9652333333333334, 0.9717166666666667, 0.9753166666666667, 0.9796166666666667, 0.9831166666666666, 0.9853166666666666, 0.9897833333333333, 0.9896166666666667, 0.9924666666666667, 0.9943666666666666, 0.9946333333333334, 0.9957, 0.9951833333333333, 0.9965666666666667, 0.9971166666666667, 0.9969833333333333, 0.9982666666666666, 0.9976666666666667, 0.9981666666666666, 0.9981833333333333, 0.9983666666666666], "train_accuracy": 0.9997833333333334, "test_accuracy": 0.9024}, "4": {"accuracies": [0.7979333333333334, 0.88585, 0.9034666666666666, 0.9181166666666667, 0.92835, 0.9367666666666666, 0.9446, 0.95205, 0.9579833333333333, 0.9633166666666667, 0.9681666666666666, 0.9741833333333333, 0.9780166666666666, 0.9813833333333334, 0.9839666666666667, 0.9865833333333334, 0.9890333333333333, 0.9902333333333333, 0.9924, 0.993, 0.9925833333333334, 0.9954833333333334, 0.99555, 0.9965833333333334, 0.9975333333333334, 0.99655, 0.9978666666666667, 0.99805, 0.9975333333333334, 0.9976333333333334], "train_accuracy": 0.9995166666666667, "test_accuracy": 0.8992}, "epochs": 30, "dataset": "fashion"}, "ConvAndParaFashion2": {"0": {"accuracies": [0.7848166666666667, 0.86465, 0.8829166666666667, 0.8937, 0.9013333333333333, 0.9067833333333334, 0.9112333333333333, 0.91345, 0.9204833333333333, 0.9229333333333334, 0.9264, 0.9300666666666667, 0.9319333333333333, 0.9356666666666666, 0.9382, 0.94, 0.9426333333333333, 0.9439, 0.9452166666666667, 0.9478833333333333, 0.9487666666666666, 0.9515333333333333, 0.95325, 0.9537, 0.9557, 0.9576166666666667, 0.9578833333333333, 0.9606833333333333, 0.9621666666666666, 0.9636], "train_accuracy": 0.96415, "test_accuracy": 0.9056}, "1": {"accuracies": [0.70675, 0.8528333333333333, 0.8721, 0.88465, 0.8915833333333333, 0.8987166666666667, 0.9039333333333334, 0.9098, 0.9124166666666667, 0.91625, 0.9208666666666666, 0.9242, 0.9277833333333333, 0.9310333333333334, 0.9313333333333333, 0.9348666666666666, 0.9378, 0.9393, 0.9425, 0.9442, 0.9455333333333333, 0.9484666666666667, 0.9497333333333333, 0.9514833333333333, 0.95285, 0.9553666666666667, 0.95675, 0.9586833333333333, 0.9595, 0.9621166666666666], "train_accuracy": 0.9642666666666667, "test_accuracy": 0.904}, "2": {"accuracies": [0.7276333333333334, 0.8408833333333333, 0.8637, 0.8758166666666667, 0.8840166666666667, 0.8900333333333333, 0.8950833333333333, 0.9010333333333334, 0.9044833333333333, 0.9078, 0.9115333333333333, 0.9145833333333333, 0.9200333333333334, 0.92175, 0.92405, 0.925, 0.9284833333333333, 0.9329666666666667, 0.93405, 0.9360166666666667, 0.9382, 0.94095, 0.9430666666666667, 0.9432333333333334, 0.9454, 0.9469333333333333, 0.9490166666666666, 0.9497666666666666, 0.9515333333333333, 0.95335], "train_accuracy": 0.9577333333333333, "test_accuracy": 0.9011}, "3": {"accuracies": [0.7598166666666667, 0.8534666666666667, 0.86905, 0.87815, 0.8861333333333333, 0.8927, 0.89715, 0.9019, 0.9051166666666667, 0.9105333333333333, 0.9146666666666666, 0.9182666666666667, 0.91905, 0.9230166666666667, 0.9243166666666667, 0.9290666666666667, 0.93025, 0.9315833333333333, 0.93455, 0.9365, 0.93745, 0.9403833333333333, 0.9419333333333333, 0.9430833333333334, 0.946, 0.947, 0.9492, 0.9495166666666667, 0.9517666666666666, 0.9521333333333334], "train_accuracy": 0.9567833333333333, "test_accuracy": 0.9023}, "4": {"accuracies": [0.7485166666666667, 0.8488333333333333, 0.8690333333333333, 0.87905, 0.8895833333333333, 0.8939666666666667, 0.8989166666666667, 0.90415, 0.9082166666666667, 0.9131166666666667, 0.9159166666666667, 0.9200166666666667, 0.9239166666666667, 0.9274333333333333, 0.9295833333333333, 0.9309833333333334, 0.9338833333333333, 0.9352333333333334, 0.9382666666666667, 0.9400833333333334, 0.9427666666666666, 0.94545, 0.9475, 0.9506166666666667, 0.9501333333333334, 0.9520833333333333, 0.9535, 0.9552333333333334, 0.9554666666666667, 0.9589166666666666], "train_accuracy": 0.9633666666666667, "test_accuracy": 0.9039}, "epochs": 30, "dataset": "fashion"}, "ConvAndParaFashion1": {"0": {"accuracies": [0.78885, 0.8669, 0.885, 0.8948833333333334, 0.9025833333333333, 0.9086666666666666, 0.9154833333333333, 0.9190333333333334, 0.9253, 0.9281833333333334, 0.9310333333333334, 0.9348, 0.9379166666666666, 0.9393833333333333, 0.94275, 0.9451666666666667, 0.9475166666666667, 0.9507166666666667, 0.9519833333333333, 0.9531833333333334, 0.95615, 0.95765, 0.9590333333333333, 0.9611666666666666, 0.9623833333333334, 0.9650333333333333, 0.96545, 0.9658833333333333, 0.9684833333333334, 0.9682], "train_accuracy": 0.9736333333333334, "test_accuracy": 0.9099}, "1": {"accuracies": [0.7104, 0.8605166666666667, 0.8784166666666666, 0.8886833333333334, 0.8970666666666667, 0.90345, 0.9093333333333333, 0.9151666666666667, 0.9202166666666667, 0.9225166666666667, 0.9275666666666667, 0.93085, 0.9330666666666667, 0.9366666666666666, 0.93785, 0.9422166666666667, 0.94365, 0.9470166666666666, 0.9482, 0.9504666666666667, 0.9530666666666666, 0.9540333333333333, 0.9552333333333334, 0.9587666666666667, 0.95965, 0.9615166666666667, 0.9622166666666667, 0.9630333333333333, 0.9651, 0.96645], "train_accuracy": 0.9706666666666667, "test_accuracy": 0.9082}, "2": {"accuracies": [0.7052666666666667, 0.8604833333333334, 0.8791833333333333, 0.88905, 0.8972833333333333, 0.9048166666666667, 0.9090666666666667, 0.9158333333333334, 0.9184, 0.92385, 0.9284833333333333, 0.9310833333333334, 0.9349666666666666, 0.9375, 0.9406166666666667, 0.94265, 0.9469, 0.9478, 0.9496166666666667, 0.95105, 0.9535833333333333, 0.9566333333333333, 0.9586666666666667, 0.9587666666666667, 0.9614666666666667, 0.9629166666666666, 0.9635, 0.9649333333333333, 0.9666, 0.9684333333333334], "train_accuracy": 0.9712833333333334, "test_accuracy": 0.9075},